,-0.500,-0.450,-0.400,-0.350,-0.300,-0.250,-0.200,-0.150,-0.100,-0.050,-0.000,0.050,0.100,0.150,0.200,0.250,0.300,0.350,0.400,0.450,0.500
0,0.48456343562901427,0.3148944615706235,0.09604646254376195,0.08646896962604494,0.10234606464115299,0.02780347780408675,0.021284740424328426,0.08681832945358539,0.14129392932966353,0.12577376808470073,0.028126001914834324,0.01994264611969843,0.022089015206305233,0.03252989491204608,0.0430694781210085,0.02967411108029218,0.02522828311853841,0.03084986447535481,0.03400465944078284,0.06282553778882366,0.5994569141453976
1,0.15084562102286858,0.27635450223346836,0.05568721337631885,0.06670691117938107,0.0396281866832935,0.0732416442287522,0.07006752311693291,0.3011621476996334,0.2515445850145171,0.18166198444360748,0.02452376978760821,0.08494248016850016,0.19250874119307554,0.06654807360288527,0.16413062432656111,0.08303026777045162,0.023365588283265768,0.12406125283010387,0.029655781074173486,0.0926690140443737,0.7350849019716663
2,0.36932776151103286,0.17065602908475663,0.05526456587294746,0.04467253535837332,0.040955270604070435,0.039670309067806664,0.03885448259736457,0.03239654462064861,0.044922119612039554,0.027600868349314515,0.040435382317261216,0.10919268902268474,0.10606606764151152,0.1595344985920134,0.05247819061842328,0.04770791557308115,0.11436114128682168,0.056425913874324,0.04958299629628247,0.04943885566709144,0.6961106994080715
3,0.46029785188015704,0.19163591028531946,0.09006985424836139,0.05714449612911548,0.04866072614148281,0.027123558111807656,0.027661205654884842,0.03981461703277103,0.15343706722303704,0.01569218080609485,0.019656077323554642,0.01562372695414108,0.030663860555589346,0.16865262894603747,0.10728668056358437,0.1463618119548049,0.03184197340920802,0.023177897706276034,0.02172816006841935,0.08752688711126426,0.5725384694677378
4,0.2457896638163236,0.4540384761362357,0.06766703629988746,0.08771851368599723,0.17564304569087233,0.10061913236208547,0.03478376458170035,0.19564360414996343,0.2590511274449841,0.11919654186610454,0.08847568819366564,0.09754379036298899,0.2529601999811068,0.13318089565190788,0.030837038136809422,0.15418216323529166,0.048260435683036694,0.05350329891737706,0.05612837407285229,0.09213184562961242,0.7579221945414076
5,0.34155408072813587,0.1699976003182172,0.08039590766546224,0.04822426367465089,0.02994480562670892,0.03662414915203426,0.09351829976687635,0.1580498385713935,0.08908389322084741,0.032175811067072894,0.017151956188896807,0.022509857316016905,0.09492898055943438,0.022676528594073014,0.11389956599812205,0.19332254272444427,0.03391296529771469,0.02470729539935499,0.04658860502361925,0.05909445831721741,0.6505491035070319
6,0.4671854788804096,0.15478568886571448,0.04669996291083411,0.044483384951447706,0.05208280296084865,0.07623930407830033,0.2070811884366894,0.2908556798238455,0.11906671948191122,0.028131905166918617,0.07621013329274727,0.024526710753745698,0.10219306406353716,0.08632303017779666,0.027042303245432962,0.029656046315441317,0.030724810215334002,0.06664756302308614,0.03943094702632359,0.14791849155978531,0.649875302843268
7,0.47581261955615556,0.14237292055988776,0.036401270733363314,0.042089168018047594,0.04766609999411014,0.06000494733043393,0.06981799029123308,0.15895264289874073,0.044016713861046886,0.034154756407759064,0.014954231515593453,0.024719164130160103,0.07717395924995893,0.20996882469407344,0.1281006873282474,0.11026833831432373,0.0518857916521568,0.0871648676056766,0.0470429780460809,0.0642857273286868,0.6377332766763107
8,0.495996448985892,0.10746421778019655,0.03955331314988271,0.028697290376428455,0.04880577726656532,0.16199452709999243,0.03866374084762257,0.1267745062645484,0.015757495353035847,0.10111751928588283,0.018983875459839303,0.09267176969788883,0.02441120722183211,0.030239981060262027,0.05259984222232285,0.03533086054544611,0.03828735954058816,0.04368745533249915,0.034293488914299584,0.06456477009051163,0.5345688340018515
9,0.49326910901132515,0.22085362092063412,0.07417492840628886,0.11121105917765403,0.06339777614631169,0.08116144599778735,0.03512584893949609,0.09180314759867308,0.047297539277008034,0.13162161457440022,0.06985870016770956,0.12936056144537017,0.05081839709438592,0.19782123412641472,0.02457634141304228,0.03741980447790129,0.12200887217531046,0.05299961075672835,0.050978196695783524,0.1124588649797034,0.6852972484590505
10,0.4948680429715446,0.2918629555016611,0.044337626492383334,0.03378473988109453,0.03686669701052311,0.067362876855145,0.24656464199093436,0.02826331879049026,0.069410298023112,0.12881286100193112,0.08781468325682844,0.10107199223817163,0.12009470477061233,0.06385777808702695,0.03624724254629949,0.05021780163553053,0.034138084259323534,0.036473687807060555,0.02840616212205227,0.04584956451409011,0.5615352346073732
11,0.25999021254622606,0.24098891776640366,0.047972667824583405,0.06020983656316676,0.09587210566904078,0.06565555539698281,0.07952463462714444,0.27292481921181,0.17085349226299018,0.030766703503972252,0.029734708590405452,0.050223197853054104,0.09703014758982303,0.10426705622242764,0.03198977421883309,0.04686684794329624,0.055961178645281905,0.0813780335011119,0.05587643585234378,0.15636075755590526,0.6359829163669556
12,0.15093494612546735,0.16689456662609822,0.05289036142274566,0.04717374117130954,0.10672227704470617,0.07225145261424842,0.11023998553012132,0.16030510561753578,0.10657811780231453,0.026442804095083376,0.02135250667450113,0.13577028154626694,0.19061545559439885,0.12790061629802374,0.052572817711681166,0.1391697800897845,0.018377328435244106,0.023124699323022132,0.04507074444376795,0.1596150613145906,0.6744570784504977
13,0.428775669124875,0.2824139527474604,0.09076623173157976,0.07042288220851195,0.07188821602761047,0.047156721744253866,0.049503015254305754,0.039698403230722344,0.12855122605789243,0.13534536913257364,0.1542470082789186,0.07198596729612189,0.13236659417714236,0.05533278292472851,0.049296057901942275,0.051101335938027966,0.0649352402579289,0.04044858154163758,0.024731459611903695,0.07980660078612664,0.6408312348444581
14,0.34946842127735067,0.28714407084568727,0.053242437998384275,0.05042476321925161,0.09205092083761952,0.0402805106721703,0.029519395638698074,0.10817015627386654,0.03161008589344457,0.03133003840345753,0.10465811896188454,0.05718892787618081,0.027075278023337354,0.03489034443209717,0.1696481489279785,0.06619939592440965,0.04742535672503621,0.03001527492525644,0.018411156912899504,0.06774710111847343,0.698163574835972
15,0.4365070160286417,0.23652127877417803,0.061678530761927565,0.04262967386232105,0.07754934459076031,0.18408075820811737,0.2025955621079051,0.18756096494361144,0.08818068135731577,0.019646207897178733,0.07465680670746244,0.01623310732353406,0.03985439573975142,0.18278920172196927,0.09624265369831625,0.04248725384155662,0.04321780533545765,0.029460047363535427,0.0246384897139764,0.09386995483085753,0.6794434028054894
16,0.4937756929572957,0.1707283633240059,0.027187565070122165,0.05990662106383801,0.03692139155063153,0.050800745400136314,0.034768703598729744,0.059653874830160665,0.020131036956408877,0.05176020191461747,0.015051004548912299,0.03567661208160952,0.17924172204466554,0.045864037140784755,0.02586982450189795,0.03802776768480704,0.05701054523269823,0.08368025440123035,0.04127059217330908,0.08460858073020476,0.5511259362239616
17,0.3315913000291172,0.2149247695412609,0.09156281914805268,0.05242640744761565,0.06587280373316275,0.04820647305865132,0.24404794456477522,0.08885505436361184,0.15842542272219537,0.25024404691116664,0.03864465124715127,0.09863897936480724,0.04688175506413206,0.08253548299016097,0.07951344864287474,0.02407550613804816,0.04105703843028006,0.0836921598366345,0.06192434997334991,0.08585979589123476,0.6855044533193131
18,0.43798966311457777,0.2730302104752292,0.0996783004635049,0.08397985311517678,0.0459962107135545,0.16659096600084586,0.08752148385068083,0.18545166835105442,0.1424519955258302,0.02661920712925803,0.12337207439132121,0.06641777521146751,0.16383526663403822,0.15381702284970544,0.11107670583642473,0.06661594365294171,0.029778976377968978,0.03154419579162119,0.032012780636014905,0.08211775171179192,0.6594181922651656
19,0.09959372264070951,0.2029297957515684,0.0745485001835691,0.07433958296167056,0.10100794352034277,0.13302328786217632,0.14872043166438603,0.1726823683956279,0.07214431401559881,0.018265033410262886,0.04000972034150451,0.15468994458054874,0.19298431936667548,0.03808032873950175,0.15874653836694372,0.09786144309312193,0.045695845967279394,0.04127981746224956,0.03230287532228926,0.08542653663644316,0.6648939567071765
20,0.4645277827326997,0.14785766001327913,0.05043424552963249,0.04485355154482239,0.05594699923124485,0.045599049723640456,0.037823089366732,0.026323382507594313,0.10452062597248071,0.03680450603171294,0.1702339768748423,0.016959490574707158,0.23297104486802012,0.0661781485920802,0.06362778905738925,0.02950962220267102,0.03264760073424568,0.037204916527696114,0.04842976660791517,0.04234395895706392,0.5816812040907191
21,0.45662552934547446,0.2265976573665666,0.034412010902044564,0.026003095784906484,0.0541220583631258,0.07858253283333291,0.032882516603064925,0.02496029426830744,0.030693334621876796,0.02169983847495331,0.020547198212029796,0.13480047995611416,0.0827194969806712,0.20198270299424056,0.09808365449914767,0.03179531417203248,0.028476992322466158,0.06921242446761472,0.04786018580812296,0.05933766260670711,0.566030738289559
22,0.5006897461157421,0.2110838836712995,0.0680692178331949,0.05108853075364227,0.039074946774112024,0.0410899776462527,0.04489610492717658,0.14674252446631364,0.023179417399199133,0.030003849373665435,0.023146070874692018,0.020074657422328248,0.13968189144035914,0.022796685609875144,0.09935064638294169,0.1911635127187106,0.06566819380065841,0.035960385604084016,0.039657054702213486,0.06711138258684517,0.6281362031954276
23,0.3722547718704949,0.150831483339247,0.07094476116655457,0.0746811355332797,0.05228928700277242,0.18001517034263745,0.04638734335373567,0.11204598144557346,0.11923296030178435,0.0863372653940408,0.08096479827113688,0.1494111257972415,0.08844480486808948,0.09378169908421255,0.06993816405235126,0.07866021557772422,0.035019679667488784,0.04409920110477859,0.03325041750047317,0.1475426698323447,0.6990120917274303
24,0.4302992512569965,0.2107104064428511,0.06673815429330915,0.07034792733702089,0.045684027743811494,0.096863429760385,0.10850201363202627,0.26953707582327063,0.1320489044628059,0.11324552343907353,0.07578763602634496,0.08371644310063059,0.0284711122048741,0.1038496915101933,0.18290828617102511,0.032514827201933987,0.03988861443602745,0.05476469539825835,0.06179542136598045,0.1553400147603073,0.6663604984557733
25,0.49166800587875376,0.18770913365819217,0.04793470496485516,0.054616290244231674,0.03914439964438648,0.08751385980882613,0.1328024389696435,0.0826447044627195,0.07565278694807752,0.02098079780914612,0.021648338342157212,0.06256418719472315,0.15918010672563668,0.09245168242851987,0.1538101388288381,0.04221032408481304,0.050992348573183154,0.04446432536584728,0.06984789271753203,0.07570330011524778,0.568334543602071
26,0.5069140025833218,0.20855531666133173,0.05293247329055853,0.09198732646157078,0.15861331496994652,0.11242461035557547,0.14422473926661572,0.03538835812289452,0.10358616038829083,0.017610876719524868,0.09644909341972846,0.02171158871332599,0.021344080086899572,0.16711553448271305,0.053833844596523676,0.08634208217159617,0.06499015258452145,0.045611031559079716,0.02516866107274395,0.10770334037461153,0.6320685395894654
27,0.3774194410823642,0.22497827100450996,0.11457437079248223,0.07414977450505071,0.042773383877777876,0.10365958622530752,0.18189628155305423,0.06374626850515212,0.04388553528391081,0.14260085626888308,0.11057216198921883,0.09881256216551096,0.24864272312057567,0.020140971634763555,0.01746215108926545,0.042697534449256565,0.0554694121822309,0.031636054586061654,0.02785218718535143,0.07003671177598043,0.6632069088925171
28,0.5028716488801452,0.17368421476158233,0.06439604303543016,0.04709779454987818,0.039092352018343636,0.07622421912548186,0.11098910531691256,0.03379817412475047,0.0273686011990989,0.04380813978642677,0.13829680243186052,0.1621434276324156,0.04598453685625667,0.08637416443726888,0.08749837808458369,0.13248057497962926,0.057923550769630704,0.050288486453768384,0.02963142332383202,0.10436737056110981,0.6619306318602483
29,0.4719061526296615,0.2534484353257693,0.08225781221047773,0.054537882677836116,0.0909713164389113,0.06819813525655749,0.018396154580949255,0.015221540246722601,0.021589976958323175,0.02018486424590364,0.07287206401379355,0.021529230563899535,0.03934737339018193,0.12794752744723503,0.03770732024264755,0.03163635045053473,0.028523318918854297,0.04876033379836326,0.04953033817904817,0.06564083661394107,0.5971255279959755
30,0.5127642106258938,0.1844343623528154,0.08891135959848391,0.03697575551766211,0.03253209280038188,0.11810476697372455,0.052264849993030923,0.023043109085820634,0.10038419343970072,0.059520888909472,0.1153645136915496,0.034241687017017616,0.08689428365697112,0.08332744515067064,0.17273719680066815,0.09377517653883401,0.028528780262557445,0.046012392227439386,0.07298095085067391,0.0630155681769608,0.539387727337178
31,0.4196064631510757,0.25754552111599993,0.07866792348745431,0.08837025041166793,0.05324731869461907,0.04209545119027472,0.09674450421143302,0.030106954665398453,0.14020598400309703,0.021987092344646318,0.02516091581593012,0.18690304444454528,0.03664088763646324,0.03924622383183467,0.14418288708690158,0.04419970255947072,0.03223021923943989,0.03492765634996659,0.026535329677870312,0.08103116844378833,0.630960095314792
32,0.2630900706011982,0.225052985221058,0.05233101675457758,0.044977565274084336,0.031074519385784774,0.06996810729810335,0.1355194428749774,0.024695626157060818,0.17708689072950076,0.019101366171356975,0.01871672657149233,0.1154760918804199,0.025983958643214407,0.029075205468735186,0.051445310446484184,0.10901240359438345,0.03023780574504037,0.027481610680003835,0.0409419911588007,0.06248987190415927,0.620766110620342
33,0.5109710071120612,0.22719650332267824,0.0240647280769493,0.025154510621130367,0.03415566974985745,0.03185642280064513,0.1969120569914599,0.03091542819366993,0.13229246447531595,0.060391853015889896,0.01365965494143608,0.08597326867148017,0.11157364947493568,0.0329625429778618,0.023388141345643945,0.031525692257193164,0.035801153746499184,0.0566462372218797,0.04002380367529164,0.055251024109229004,0.5508989671332118
34,0.4871804148749972,0.21527750086112968,0.04279917492746747,0.0718627026738114,0.08457272196827069,0.02816676790001058,0.06294593797412734,0.289629476623842,0.09299463504760011,0.03957500465422685,0.03241209119237593,0.024433150848612903,0.08306590060570823,0.02871344637047034,0.0511040103631594,0.03795421475017377,0.03489760944086573,0.060114091313651,0.08827006599178254,0.10590882164225844,0.6291525588335217
35,0.4940652258637863,0.1907398799749956,0.03706100208155752,0.034535057570132734,0.042151892356569895,0.04684741441342453,0.07060194686512809,0.09374016018897718,0.030325297996593868,0.049274786834573245,0.15704676932215458,0.07999877574899462,0.1002160962093945,0.043916677427308634,0.0544559495924517,0.09217871969658346,0.04346959374691389,0.06710450548495522,0.07817705787336254,0.08405380487448678,0.5102984724243557
36,0.4822123601609327,0.12148041402526306,0.06878491991203556,0.03085444566529714,0.038918657219475065,0.11440356983583887,0.036928947031939836,0.21721366031361022,0.04844652723692791,0.020167671071917435,0.019254305129002905,0.023166077343156434,0.03650985609626182,0.02569458060525304,0.11800257422062696,0.061519266545049515,0.0388284738195962,0.03483196935972238,0.019144728209281783,0.07767416582369463,0.5897185915938817
37,0.41218289752212595,0.16592143740590204,0.07669078903495043,0.03551540913533456,0.033227864022907366,0.20116216322675315,0.08439953688364239,0.032132801955677776,0.06532529802870288,0.024410458453199405,0.025121655693760833,0.043471631156788273,0.17916117231862283,0.11870200360733946,0.044846703953612094,0.07874221904803907,0.05941506026471984,0.037398755148991686,0.03328571068394439,0.08681054815431721,0.6204426224994107
38,0.45051451347290894,0.18960533884708333,0.044705859055352674,0.06766057492910998,0.06722054511166214,0.061167281350661185,0.21023499082253772,0.04413330337778323,0.1551180394600836,0.13302058879027756,0.039724279727263924,0.1129693631516295,0.0381248005792531,0.06522241945892963,0.022069831793872976,0.03304077525436528,0.04563253225135769,0.0565948311059772,0.03305035804968948,0.1191319772518111,0.6558068793442698
39,0.40741515430082814,0.24426017806124603,0.06567919156398563,0.04291166731583482,0.04297269148915462,0.10713958332054034,0.05833640038145301,0.16764525859527915,0.07840536038792005,0.1350671107465926,0.07502537390929448,0.03812762624226203,0.02521336295193965,0.14206334081958077,0.06369040809738515,0.023821921451045003,0.11239453235114268,0.04737729918413651,0.08403857050074548,0.1068087940109425,0.6530078944487209
40,0.5159070146659227,0.15382690721871337,0.028591215105141676,0.03850678085601867,0.06271874809982113,0.06671765421426584,0.04640935172255146,0.18335416164658075,0.08965389672760866,0.04935286782254906,0.017382169817911013,0.1332574448006082,0.10570100880176782,0.12597938756114482,0.048591822700640976,0.05209566318450917,0.046004143103416315,0.03908284164570616,0.04676067667552707,0.0700654434825597,0.614099381451621
41,0.5009427261348157,0.18038183923038775,0.0317151633989227,0.0721235275614745,0.12630785293747587,0.047065752434093555,0.027081520673487867,0.04070715708718128,0.1550113306204482,0.10311087697543077,0.018939883374517456,0.04430674796125648,0.10264129865080093,0.04670603427394286,0.0278021384466256,0.03442642079837907,0.04176908532128697,0.03461113994922775,0.0492921948403759,0.07728202278844541,0.592750473763281
42,0.47255385518783677,0.1468755270474796,0.03676167925356265,0.04363526409940216,0.029032965769559566,0.038199203374724246,0.046943971516469125,0.020274923860618514,0.02439680839302321,0.15584557505183344,0.08740066405312111,0.06320526198965487,0.10155909852759866,0.05505648736413175,0.025853435846841147,0.026311770465099853,0.04686052105394826,0.04408504490850978,0.03724540733389962,0.06549159249328336,0.5830014678728576
43,0.4635189645706166,0.20350173288662585,0.0651552466149877,0.021894510484457286,0.020541941494746835,0.03428379707374821,0.017842197650881495,0.08028232961263863,0.02730917805451037,0.03045190727811426,0.11355304491380037,0.018638037492014134,0.08510095380783156,0.09605560817947059,0.20871168597521322,0.08924283923243116,0.023406146293037357,0.049327434791017095,0.06364956254395311,0.061072632383628984,0.5470802222402349
44,0.5077614455152466,0.19733202243327894,0.04753322739346895,0.05195426367532344,0.09546876649265848,0.03749057296833673,0.13145307630924655,0.025957895511361215,0.04760815313517131,0.05536813049857966,0.012133707517178648,0.07132951125866364,0.022417978214124015,0.12425729596242656,0.0312624487233663,0.04831807723112206,0.04075313292715885,0.029765502538392878,0.03664555025223751,0.06506866348407558,0.5895118174970508
45,0.5003522176629005,0.13401199386216664,0.05006120608056432,0.03933182990231555,0.03045295706555079,0.15984049725090638,0.020653873923337687,0.12347447926448253,0.029381649740607765,0.020180228233151434,0.08293771025134965,0.06028284593623653,0.05928888523182899,0.17783308006483578,0.09633217931330057,0.02849854059301186,0.049037980297441316,0.05121867729021306,0.04382831245194257,0.07241659145694553,0.5238762173592661
46,0.3631717481953403,0.12976774532676635,0.029013077645218027,0.03203027832811814,0.03109008509823272,0.16084860942357135,0.04693933358846569,0.11851155504492818,0.03052651738591464,0.01847746352081051,0.02010373738877119,0.08921256841293776,0.04532227801768959,0.05827494639537169,0.03464260584127624,0.07080755047009314,0.05234742018556756,0.024553931605562056,0.036950404553880815,0.0810965741740588,0.5981015424056026
47,0.44756366048829616,0.19157005378097558,0.050200243329709134,0.03929488202331546,0.0338993031449782,0.1694045553998174,0.0716444155867701,0.03727641963837168,0.02749642914513528,0.10827342644729608,0.027945444609144998,0.013765766148701562,0.08258403582126324,0.030454216897602485,0.027338667554014453,0.07629487415922144,0.060555840456018396,0.06944037520311724,0.06462683505561312,0.09844831807245703,0.5392666363276735
48,0.48177551775124183,0.19508595635853665,0.043149676210247616,0.03262716611963709,0.03393705246329975,0.11205338670414193,0.09776369004249247,0.11834818652082567,0.045283320789376136,0.02144877598239948,0.03612521455601471,0.03351587284920179,0.09140778117809266,0.02049693476089591,0.048998135538029196,0.03123362086604727,0.02093081615570629,0.024992113794623346,0.036728910840925014,0.1005798069711748,0.5716361861184324
49,0.49426132138428575,0.16066506204526815,0.032092283023181345,0.06053585939865732,0.0777366698819216,0.0519616211701989,0.08739106163886026,0.026071087805710786,0.024798119520944257,0.11590879829436135,0.030854581790592576,0.1277330318880343,0.14303639475887453,0.043964954848810175,0.03739071008481921,0.061866927242966635,0.039842771472337696,0.041170578271122374,0.03462589331330376,0.07739203226517774,0.5670010208362112
50,0.329976801500411,0.1432136364695522,0.06276824835339047,0.06642927562499026,0.10964422686421511,0.09055458499724077,0.22068399099692815,0.20856529996411574,0.1550151610648488,0.04943410076247181,0.12400356309829744,0.019999772307097336,0.058759182659483815,0.036201189724817145,0.07832079888303103,0.1382717197512338,0.034951564938811235,0.027073405138576707,0.03393478861731667,0.12443225462006163,0.7253076029783755
51,0.4665952820187469,0.16381636035042937,0.0485880973360689,0.0600378703446158,0.03424492796619553,0.06942540428396067,0.048414522017944835,0.16392497985689894,0.01869285438706062,0.030073903214168807,0.16046474518256418,0.06483013056981053,0.04954834706264547,0.05168281072713146,0.025956975289551,0.022124055225951497,0.04937289644909788,0.0415544519949191,0.028563186296274485,0.04745045421616864,0.5751628995825229
52,0.4717428917432929,0.15104386503888922,0.034324134221655284,0.024292698858409678,0.021239574821185474,0.033485195112178304,0.15614236250117663,0.05178816849756234,0.026895400210060465,0.023529912214237877,0.027075216838462635,0.06878689664540096,0.01760803092264522,0.07959696696273381,0.10872289718443154,0.04663741706020411,0.028001714229696613,0.04650385751173683,0.06690622507928572,0.08228162098905017,0.5542631479631125
53,0.4042322680862426,0.1809487694955579,0.05024846499093137,0.09391069302599826,0.052264664633351554,0.031980258913643596,0.12811702671566844,0.22549970290556828,0.047910903636031725,0.15716393294074818,0.11287947441714742,0.09686295620538969,0.11676963114932698,0.06502757159534316,0.15342609897150378,0.104128041820469,0.07520917073879513,0.04921616998475368,0.04191074815550186,0.18352230902250335,0.7411448225454812
54,0.3452212874619929,0.22909667542650178,0.04941545572965034,0.03351699250510149,0.037843336168916136,0.21016034622632984,0.12562079145793514,0.024945809225300535,0.03533715852151706,0.1305378346575367,0.01581273165922427,0.02745265825439018,0.014232659332222135,0.0168724548088389,0.0877396450194494,0.16667894619075707,0.036697930263848356,0.041769251181660874,0.0324523146492171,0.046571628622754394,0.6215730641724467
55,0.5160431774220025,0.07906319351105144,0.05051177584891313,0.054219597886882194,0.030029181956528823,0.10388102975321775,0.061242542767699644,0.09702450774240612,0.06595396190120588,0.025321969417369285,0.01968435970533798,0.09166922961393204,0.02653470929241545,0.021679970519823805,0.020077366809867714,0.04917948711970596,0.03596845583023209,0.05313351801449351,0.04392883809826573,0.04180329075705583,0.527587932333739
56,0.4949088646942728,0.27220385990748647,0.04780739900893377,0.04475233579517811,0.03545597682795146,0.049608672868417,0.11206442308482106,0.12216908469716421,0.0956677764848895,0.03753703472084284,0.017787836379977814,0.022466149081389292,0.026146947253982634,0.02607376523648334,0.12761334235680888,0.10141069425620254,0.0700757163790571,0.03379570840574683,0.057594696540029994,0.04930221195012059,0.586118165266488
57,0.43262385722850494,0.2132189931491547,0.04589784008443857,0.04249998417184611,0.03284964914551309,0.057628401732023354,0.06628256315410307,0.10393704011995816,0.07323112998398915,0.21729153765204456,0.03895909822202681,0.022687390025919508,0.03657102477866206,0.03192266524984064,0.02980736741432202,0.03243484701210494,0.03374509158920069,0.1031995076780931,0.03434433204568298,0.10598263097794038,0.5913166854930624
58,0.43525617652397436,0.1893098707318106,0.04678062977606501,0.07744726215974872,0.1781463691159858,0.16337195410340088,0.12003399949126242,0.054505007326726404,0.017862954419814624,0.0588237589137528,0.01544655147925609,0.11616854919236119,0.03652884541417848,0.09616563034007544,0.130853730872566,0.050198230887053955,0.0449963771577832,0.045188127473164474,0.029194412530068183,0.06407073629716538,0.6471024323470622
59,0.48643166767523677,0.15855540889287206,0.05366449043031703,0.06549588437682911,0.035366458321449586,0.06783608529394534,0.03165132629722789,0.07476474224836177,0.10973274667724547,0.015407944243487688,0.020641099068534792,0.02480610195632702,0.14377439715123605,0.03697157335722562,0.08424296009738216,0.03759897190759475,0.0412342890308755,0.06475620714055699,0.05811381283877518,0.08698689277363972,0.5542822475892488
60,0.4154475894636731,0.2217477917410692,0.06859611323262718,0.06831947798208714,0.21735908640232576,0.07524379564162444,0.06190083979226663,0.03748355266293019,0.289006168119316,0.039158118523183065,0.019783437279602786,0.031966024679171076,0.1538000283063621,0.12710623356013573,0.03387431158148463,0.03574303899728523,0.09343268801479816,0.035957345776326775,0.041341891189062424,0.07377633809445791,0.6510585159037656
61,0.5046968205772199,0.20693496673098283,0.062108208116114866,0.09438423485765092,0.14338455089799285,0.03737937835891715,0.02160090778126182,0.04289260159505575,0.023012850468419995,0.086660548081877,0.022624757470479897,0.14420361226677764,0.08157600924879127,0.02309116537217316,0.03551246421616193,0.03146732630348309,0.029907761364340313,0.04065695718916015,0.026123885432897082,0.06697120297289542,0.6478203683749246
62,0.4870506411109657,0.135947739734361,0.032882553914966785,0.0461581637584663,0.05758037290000389,0.2004320895723044,0.047185114150287207,0.02559802531638962,0.07582962200080931,0.1031330387076433,0.039187749193294395,0.12093507508784593,0.16478923879032592,0.121710654727091,0.1346345799000447,0.04626915051960648,0.02964033901939893,0.04772860189295132,0.0528787704926777,0.059645595053689555,0.5213746026948496
63,0.22651215712731185,0.23268600887039007,0.04227412155519853,0.03442995439986727,0.04434445183708836,0.16276997034879914,0.04471913638787443,0.07557564383281085,0.03555937619844703,0.020828266277765874,0.13254488508972267,0.2057308896242902,0.19813539371455202,0.2402834420044699,0.16135847494788516,0.043665890036869645,0.06300219255062499,0.03514768617782796,0.02856407372719375,0.08415182282847479,0.6266987170560694
64,0.4225778711428691,0.13791457930116668,0.04509412782070827,0.0461072776456012,0.06680245395451404,0.09184983997410276,0.16561749061870842,0.03282445132648867,0.16146516777094455,0.05760297754480318,0.021687198733188147,0.026461894526285043,0.10549482366487913,0.2495749531610049,0.023280911873641296,0.11381748217248361,0.022323900536262424,0.04367196860243869,0.02869013255438712,0.045422442751450506,0.579587494220183
65,0.490346347821704,0.22328870266840578,0.05594970945233349,0.1870327095186946,0.10565390256012594,0.20678246275941264,0.02967372548401263,0.02918147062685262,0.13160442818219875,0.13450211965466916,0.023294995478011282,0.05423208071808891,0.08556063689906306,0.04468774869122042,0.1370117779074946,0.05979867683720356,0.03958483973166141,0.035894760737641605,0.06728926623083537,0.11220344458698189,0.6483540883508145
66,0.46938182249002636,0.15565473210276679,0.038203407214303105,0.03456694469712336,0.07507508692634399,0.04444070723144368,0.06708577169500987,0.0954329181006484,0.0771290924165932,0.09962312771819329,0.090992431588031,0.01990960123682725,0.03686610176519441,0.030891238815610535,0.040286708908424534,0.034738348384472956,0.03228669144609112,0.06323753501393241,0.028484338763682355,0.042952867855667945,0.5534410139864252
67,0.45943171726616416,0.15754440980149842,0.05423390280855104,0.11488847428593685,0.0644610439443479,0.12248294095925925,0.07671445289843098,0.03961843514063342,0.13683291063651853,0.02271115790364834,0.02144033474662145,0.056925980488344484,0.10518305831345173,0.10711782831892966,0.19990337361155733,0.07733839321142878,0.028401136661554378,0.034192066745546305,0.03279973458455258,0.12155145790027623,0.633181655995176
68,0.4133019415319774,0.166714301533884,0.06724429987770564,0.039552625891247445,0.03260631854001304,0.06287409643348155,0.18877557245133264,0.10206668511099048,0.2106078433238245,0.0410980898532162,0.08792481366487198,0.03487877992617423,0.02449985008750534,0.020080918351670318,0.08800060902864823,0.17193867826118903,0.05451023322012606,0.04099152494036741,0.032374647924657635,0.07391230227786881,0.6330540992166956
69,0.5033280518005891,0.2782725246375934,0.043584995228731445,0.04240872156289314,0.03339426436535706,0.09938629333348412,0.054029692375368206,0.10779325551027313,0.10812949781657455,0.07055797738171916,0.08581030624774479,0.02234117660616116,0.10909183777296165,0.01801049641800108,0.06796694813352203,0.05746200453563815,0.03680318488920485,0.06701198436475882,0.08251490128954257,0.09078976488388874,0.5956983232712871
70,0.4920639435228964,0.1615211950312715,0.028327282112553295,0.051404600183149914,0.03766365514258113,0.03627539355031274,0.12286393700137897,0.11754371089479632,0.1164589188573296,0.14002284495213357,0.12080646468654728,0.020380098987437853,0.02722219101812076,0.0879869313664367,0.20208715946028125,0.03274498678046398,0.024728276449862672,0.03648945115369319,0.054887044446663,0.05248659397265037,0.5309201911813699
71,0.3761206774973827,0.2869401049950165,0.05384589153220545,0.13265646715002927,0.05547085557728047,0.13515917200232588,0.04354044445528651,0.27251342962183184,0.03279396766450932,0.09639143052373014,0.13992452818795786,0.10234409928538447,0.13729936387051442,0.11267604119055823,0.07717451831818863,0.06083807640828894,0.0410670694297051,0.04207357848602318,0.03150268013251994,0.1496628732717401,0.7433924674654171
72,0.41396647561950384,0.19849822656512617,0.13553362637191124,0.06877703355322583,0.04255826457660769,0.10000532048835796,0.2474273376448283,0.12798045589988505,0.3016780017977834,0.021389290786692213,0.01793076151249771,0.0753437397367705,0.042161327565656874,0.1702115410957494,0.115269341205973,0.039622127748364225,0.03943278289133429,0.037890571035973736,0.03000619954525077,0.06955435989686318,0.6440094709290828
73,0.45548255845543295,0.1830552240264376,0.043861862135011045,0.03435245975089306,0.02646764737288048,0.02899120247456337,0.20559541221271982,0.04224844315823739,0.021358133462803384,0.01819430298959403,0.028472216051352292,0.10513139203924673,0.17758698733372769,0.08880876092299296,0.26968519797737267,0.07482000089336281,0.02940001289196063,0.043166083961418945,0.023601861393371313,0.042741771938107374,0.5809621259592328
74,0.4199591032012684,0.15887713366889666,0.03299268100783804,0.08225213306112542,0.05310077469719527,0.08011513282312707,0.04599746941652616,0.03874749340564973,0.04080684683466852,0.018899722272867847,0.025233172932753005,0.14294333118048605,0.03338691944277902,0.09106704939572707,0.03166283262253327,0.025379721642948723,0.03351985999048715,0.03340831756566022,0.03917911748208999,0.06631743196619104,0.5891427549842814
75,0.45674034824915555,0.20237886832591542,0.02628101037768051,0.029865936996566842,0.03226924336820442,0.08258003814630682,0.07479130991171504,0.061655675153508685,0.01985479280722468,0.06237121260594474,0.017426919591586845,0.06177037993869769,0.02306662145756187,0.18958130474714632,0.0849297476757581,0.1297803987475916,0.06993304878674883,0.07932144441864238,0.06293947197761068,0.09607156075381933,0.6202275960828291
76,0.45027450862462637,0.16967687974400644,0.06425426755205353,0.17172692961238287,0.04526445328486224,0.13567629219120333,0.06342274423787428,0.13405075632110894,0.034032309094742565,0.10376420496801309,0.0722963618019671,0.15920366486546542,0.09310046036047198,0.056627662244246806,0.15961995338714502,0.03622869064240912,0.03375236650620625,0.04471934862790168,0.033386625835398434,0.06883440583338868,0.7097248071122452
77,0.45848936768262505,0.23894056390247365,0.044022227917411186,0.05802876281424882,0.05006712950597238,0.07233549950367492,0.09877094137679296,0.06089955641820945,0.12976843522270326,0.06008317209471514,0.037135701542408354,0.172677425876138,0.08329697928710447,0.07962936000102988,0.15426065424719632,0.036318708561552095,0.16057329492852865,0.025868965196525626,0.05642916716263392,0.09878235163611358,0.6745759788298286
78,0.4961769485318874,0.20607154398226926,0.05182509839476532,0.0743869144531962,0.06057981590443303,0.06662153191021974,0.05080159248032081,0.30317677463387216,0.13487549472054453,0.024459822987095096,0.017407554460586373,0.06978839010800893,0.02496383507294426,0.1435484592081888,0.15515870948737406,0.09151546273428146,0.12938448377526393,0.0433478856491748,0.04367210143799975,0.09703439933737461,0.6324770860864406
79,0.49500369885929074,0.13123961454542044,0.047813423184437896,0.0596060562021605,0.11062551331932285,0.034379922839729724,0.10294247343480314,0.021440446476508612,0.12034006703190693,0.1183098120812695,0.06084560269125308,0.08953506966944716,0.02951128285799782,0.05226008815314235,0.13188689657075436,0.0609113902444722,0.055295816660784466,0.042600531747912035,0.032237269928985325,0.07217636199568515,0.5614668988127987
80,0.4367159201103251,0.2288464954792907,0.05272960678568686,0.03999687551943666,0.03392791067567322,0.033784290249423914,0.15271891889124503,0.20927809043080403,0.018475382577789086,0.02148054662648942,0.027491401730070312,0.02158639643972294,0.16142529189502158,0.15530242163568786,0.06389276437610446,0.03724675352479003,0.02686265608830563,0.03251898273357715,0.023156029258612057,0.0621708395131148,0.6036716142681892
81,0.4614875553997855,0.20594617168360768,0.11665697126812472,0.06251133561582052,0.09723451531866731,0.0685377709316451,0.044545333321480175,0.25630208028079704,0.06808782187996008,0.033905483781863206,0.025779091752837255,0.09739968314755748,0.226094267959535,0.11507490674081573,0.09905663206208694,0.12555609125806638,0.05239594448750042,0.04254999183560534,0.022211704678479487,0.09596105493349455,0.6781753298032799
82,0.5044124259520498,0.14221040611027255,0.033951581622333304,0.02788712436928183,0.03833164960608362,0.06531638832838885,0.031983047105249636,0.08350012853672761,0.028219290974168827,0.048456750872048523,0.20331856721060612,0.020262472907522047,0.020295018969828583,0.020775726724192416,0.023836234520563816,0.12364102641231006,0.022439114713596355,0.09543973899908403,0.07858121613137962,0.07839871425984371,0.541502833661236
83,0.4651162311214095,0.19854171634279788,0.07492679242477446,0.06599454768914054,0.034396685081389725,0.07808860505741338,0.039353786438866306,0.04609687990838095,0.01557489286818021,0.043243377515846976,0.02384611588638495,0.050801502734292486,0.07480168809583418,0.1332388299060551,0.03453494811044555,0.05364020736969191,0.05258571426996494,0.056336141227701364,0.05634166184351995,0.08106604621633731,0.5684380248266573
84,0.47881468164975133,0.165930666176586,0.06846710895554071,0.032674457197249235,0.043144903992215246,0.03122369682103834,0.054503570839775826,0.08028601511887973,0.20300929824765734,0.02262775485148769,0.03138239037778387,0.0657642177977104,0.05590455190041738,0.021624427953434347,0.039287385483129905,0.09657575821658194,0.022470263401263763,0.03941406393763004,0.02818567880713881,0.06224749711340113,0.5583147495209002
85,0.3831583062408109,0.1925034164782803,0.046725651094256526,0.04411959091229235,0.04651217047086272,0.03287430462571473,0.04725891420801446,0.38149527389376675,0.13073244867937275,0.2211851519325011,0.09823672213622808,0.07672432474484427,0.027090768835532728,0.15828068380346924,0.07406346143624397,0.03822282604567023,0.03739427397989806,0.049454714900305924,0.06791624428646376,0.06796485062463084,0.6575733197439417
86,0.5026458484339825,0.1589721026101729,0.05262586404416822,0.03578946300594878,0.05573681448311236,0.03470717239003996,0.026356054377097718,0.18299874067522198,0.07303307934556977,0.08707314072066713,0.045338829619006565,0.10034478446016624,0.09993325751159171,0.1158611232549582,0.12148619630059265,0.061319621032941626,0.027957616290671568,0.04723379373826242,0.04537667270665965,0.0806944278019527,0.5678887439085671
87,0.4951327776289548,0.1246705307177874,0.0389032340207318,0.039875785920687204,0.04606108642409464,0.039016830374081934,0.12010960271501671,0.01949825536639881,0.036635911735165415,0.018137270435323365,0.025382232499943078,0.09030578641038753,0.12740514038258868,0.037377690928389114,0.047832789140947275,0.03612962202907047,0.03053956637736123,0.04751321923727173,0.051380222652791914,0.07959232038356423,0.5492603139354094
88,0.4931583366824699,0.2254053673994182,0.044552079673667366,0.08164173279760886,0.11829874452457997,0.12410768748053799,0.17705293695798618,0.10871613587518479,0.10344988557158749,0.0813769105198089,0.017968373470724948,0.020765015297133555,0.11928492032035432,0.017844332189021202,0.06188433286721844,0.028263192364885663,0.09928263294929598,0.03539649709487111,0.03981955241032332,0.08978600456366712,0.6386523390750236
89,0.48383031730705806,0.2355713808034286,0.07581191086391334,0.07408879159561627,0.10463446124261629,0.07284238879364714,0.15978293406625577,0.1330137663948229,0.03269476227201635,0.05842017989668875,0.02083137199140879,0.02655630284000134,0.029893418395705862,0.02771713525111698,0.20885648597162446,0.05698611436638966,0.04256506945011178,0.02867568119987106,0.06133513300755121,0.08981964727503178,0.6809690677609667
90,0.3422414595211982,0.13924224903169702,0.031573430923290007,0.05202502967983109,0.032628980027191584,0.04937138770303959,0.1138762209327881,0.12519911588471697,0.02157731267416977,0.09201391991905626,0.035312938408770714,0.08251522401636122,0.03251939264301394,0.1861592929752534,0.030470066839364436,0.03423389560993676,0.06981926200197514,0.07770694237388275,0.03046803418615725,0.0983048432564849,0.5664844124512238
91,0.48756976626723425,0.1862916850456125,0.03502683129731046,0.04496023029935524,0.08151359777471215,0.15133281898026787,0.053057240652436964,0.04652922376200169,0.15091702696560455,0.021212326897981654,0.04167031236503829,0.021056009767892802,0.09073614378725808,0.07444578792317447,0.023440081251399524,0.05777964230116592,0.13499968547918528,0.04769496815035055,0.07956644137171989,0.0644255056581479,0.57174468555348
92,0.5065699472774674,0.28285155884723967,0.02522156034774884,0.03192542952954549,0.026846768265366732,0.05070312123912784,0.04834086118999551,0.11677495568363172,0.1728801950326448,0.029924403074853057,0.04343111711410616,0.038850628623796325,0.10136584185001411,0.10280160860069985,0.0315274471575487,0.1363968364605057,0.04201382877149844,0.055342826505750176,0.04760108086146049,0.06249395497362541,0.5623394705139453
93,0.4770887572829305,0.18558973994512334,0.06446561445063287,0.08285628521314309,0.1240060891844298,0.030092043791989858,0.062228398623247076,0.08628880949543383,0.017667928289685504,0.10045366586397662,0.08399887153705698,0.017440954341720792,0.02149864748037366,0.033718211461909814,0.08690701065348919,0.023047115257558717,0.020936669252088584,0.029735075955627188,0.018081280735444946,0.06564797497517585,0.6024807787832498
94,0.4214569512915196,0.1605851426004795,0.03389998770058836,0.05683184268101576,0.05217111875450763,0.08848912391461772,0.18897616299033987,0.1771291353356252,0.12234781428691921,0.06519502411660058,0.11039127244555076,0.041484359903474974,0.07878831891801669,0.047995935739390705,0.21811001593335946,0.03584505135824791,0.04533192894477516,0.024109810358513593,0.025597929379936178,0.10457748432424856,0.6025292147815691
95,0.48891162341846606,0.1011627712234948,0.020271840338083588,0.035909691135146686,0.024545938464357965,0.19223552461719465,0.1318577279081542,0.15898552959280576,0.05471989424006071,0.09769206623808588,0.07771369784661797,0.021273778490495738,0.06304310536938755,0.04112319322087248,0.03159011256418241,0.17490987350478027,0.028283758358751212,0.05759955454857904,0.08042199420724244,0.11158697463812622,0.5226305711906317
96,0.36476400582144036,0.10084216546194837,0.05668955621812913,0.051037282461516016,0.0831197974503421,0.14647447723936793,0.04641704372483804,0.019878704566668175,0.02686971311990747,0.021421553816368934,0.022318351540591537,0.12945149206666734,0.12686227958957227,0.0420986848260077,0.06596916960652549,0.0551617315204869,0.028455584905190696,0.1196418276566208,0.06895664453986092,0.0568258592238455,0.5213701594823807
97,0.4166694867675431,0.2695182796660112,0.0627709736801078,0.06420768537817406,0.060981907930687335,0.15180124033194917,0.0914302772752951,0.052259266399343134,0.09114309291868392,0.07433201619066829,0.04672472713746475,0.03070457807220643,0.03978107433725328,0.16210436825712515,0.1955340051792204,0.03803065800156705,0.026879845885313797,0.03717115685135389,0.027508517362048842,0.054710787817098636,0.6935419167253555
98,0.29027683310796604,0.19237450175845092,0.049448043179094944,0.1144035547225826,0.09557924362116704,0.14023608616389371,0.07769437376525797,0.24247715012900667,0.13685365034978225,0.06394028474179062,0.1311540357493823,0.09595239160080483,0.08194167894351972,0.14128520252037396,0.07683939729812517,0.030546008652336563,0.05641228988098631,0.08930439058212913,0.06505180251390602,0.07222503356181159,0.6606869089758969
99,0.4962963217039584,0.15598007492045945,0.04702622752336187,0.031534770931329954,0.053051220608939145,0.03510343513393789,0.07892765981648389,0.02327892274427466,0.02752660238611956,0.051247823490729254,0.054355053142800897,0.02592774130064658,0.08047942641276823,0.033404045390862176,0.0272478211922974,0.027898269527000627,0.11122537921053859,0.03813518129358513,0.04358724289472726,0.08189025831322166,0.5714791263496642
100,0.49897909111042626,0.2219422834047906,0.04633626639039115,0.07094225716972952,0.039096633775415196,0.14870918366098243,0.04291291796780421,0.03363066540203347,0.038775263388554006,0.11509700457679545,0.04258446614930537,0.13175237286688193,0.11549318550646731,0.0630303276174845,0.05391910188504841,0.08206610021823241,0.07961200986035567,0.07357297189013018,0.0446235466030565,0.06991325804607845,0.611493953173318
101,0.49472605727136965,0.2763090624428448,0.04285469244331855,0.052518473831480686,0.041610258440864745,0.12355498319089461,0.2013558588522856,0.03536723303217615,0.089465242010416,0.10708227079801907,0.02221095989113616,0.014720880851122097,0.10825470427747937,0.12571026095802973,0.13021524935306736,0.03872282050054928,0.03733642573431278,0.02312912000611035,0.0509725071997569,0.05774174083740867,0.5200203589441256
102,0.5103263329539671,0.08495993281210404,0.027705846857338876,0.03502336854566463,0.05122258753312271,0.07565554571830531,0.047708190225854964,0.1236991372328246,0.02528124027520409,0.17705355432352135,0.11255642650495355,0.2207996212598841,0.06981560352647029,0.02150387626664185,0.044014989230681416,0.12317690999487728,0.07548341629262073,0.0632346884137353,0.10740216311705214,0.07883176825339062,0.5301403462263508
103,0.42996648577961355,0.15446104515177894,0.0321285589325352,0.05208678881866748,0.05712187731619668,0.025413777092544138,0.0952505158112589,0.04140352710393585,0.038527719765518324,0.1590830021054161,0.026923142897417613,0.10126155106081404,0.01920891758792778,0.10277056555743938,0.1070992917589541,0.11299972660741418,0.10115059608304591,0.0634363357990274,0.06516655354333638,0.08785707878465097,0.7009841531752923
104,0.45881773777480966,0.1591158994766152,0.05449349971891762,0.04424799794285264,0.048501689764294906,0.09617210247615451,0.05586288951532445,0.18995917936718512,0.14290448771700712,0.05684369330759284,0.13712142951496686,0.03440523931233688,0.07283044185358031,0.018680572511570393,0.09708267630173288,0.04947085318422893,0.03805146670966056,0.030397642124075894,0.03721426293556982,0.05779109811984949,0.6015872799500329
105,0.3884748909772814,0.1791300620217353,0.039330015842864594,0.02757501890916314,0.03529329791316899,0.03581667902982726,0.026587485721544905,0.12359752169164545,0.05977368714543872,0.09548679189284588,0.050038600230681435,0.018625672614592366,0.030051854424306777,0.019184376772170948,0.11909559593716566,0.027990479369451846,0.042034543924140196,0.03573949982334542,0.040590838706495304,0.08835571350287971,0.5685055799750547
106,0.45975529588070696,0.1913699491197359,0.03544458779100492,0.03845468855498483,0.04927347813776391,0.040058955121191175,0.08285052235798311,0.022675713060573623,0.07016036006405195,0.023150399501421955,0.022278519610161224,0.01496159146672686,0.021955188349556468,0.02714555966715407,0.112206064367697,0.07831676549366574,0.07873295826427149,0.05749961343513031,0.10747015092734827,0.09134146504609825,0.5323572069846644
107,0.41217624274267256,0.22997563524565282,0.04881598315814049,0.05329717748028842,0.06202180509517404,0.07630936331445744,0.04373267356093459,0.0817064797240073,0.10794426881997768,0.018568906029739755,0.11552978187106791,0.021426978856667923,0.1079605382983857,0.11674626560318375,0.09611024749679137,0.033515274310739224,0.027170829578204634,0.04448735756522085,0.05239485125222611,0.1540646334864345,0.6445776861009401
108,0.5083147119351433,0.1936045783688179,0.03999198464837875,0.0364529393453233,0.020165478728297076,0.021666202045311014,0.10776513296996128,0.034708408690252754,0.04240765117208986,0.0173165773082911,0.01624431452218021,0.016211986639362772,0.017124079087037617,0.027604600622881715,0.16723186944382978,0.12429768070706751,0.034820264878305904,0.09832059727094095,0.07868167472696028,0.05195354676616842,0.5738581214198839
109,0.4196486516060478,0.23165771507268992,0.05017829879718129,0.048589130049324504,0.05070405010955286,0.08739399054070564,0.03555114285881003,0.04884155764662668,0.03721191139718731,0.023474224716302856,0.09980521831882935,0.030168726994741362,0.01801148215329217,0.0915696896229494,0.17015962364763684,0.08393032645795319,0.03055190196274176,0.04391974078192096,0.035749802173975706,0.0676732651097661,0.6338795296649808
110,0.3656009500710347,0.24151392968401866,0.05008471799795143,0.06700066910903735,0.06069273419601151,0.05473962831008233,0.044407682702881694,0.2438783252222335,0.13225126487181893,0.041205973809787945,0.02242955191616918,0.02088002241821492,0.015731044012749065,0.11678717120789933,0.03071546453610038,0.07401709553022373,0.05554235585651413,0.056186507530628295,0.04676841660037892,0.09906640575057407,0.7131120436237022
111,0.4425480580270751,0.20778929223729634,0.03253977562229701,0.041982552681737985,0.025717198256479213,0.024306563879707057,0.09921283931921965,0.15303008658901565,0.1175340842810832,0.021464526336542968,0.02958213483559172,0.01688824707037529,0.023850905932909578,0.03547105229981507,0.0323919398714722,0.026927255149401932,0.04859100426380794,0.05144481315093697,0.05801299204265969,0.08298814531379223,0.5314478442021106
112,0.5086322428791541,0.12281617249484279,0.03629467709213305,0.026319800642589423,0.027364337304545024,0.07281003841824624,0.19747289333541734,0.08086673656809792,0.12746317003409266,0.1429395059411804,0.041286545142514904,0.026002287657336493,0.01502775340931295,0.025991452753797994,0.030527951987581754,0.031007929652418355,0.021645748121146238,0.05424257815636455,0.0298765851959253,0.0701058569064128,0.5572042566392518
113,0.5002379563197855,0.13111810671933977,0.02392276200676252,0.05384860723395402,0.0257097409834166,0.04571919192982857,0.028416538623013583,0.11222804240558887,0.028565559990906667,0.02500069258549935,0.07707521928721986,0.024576318820807453,0.037942164405795384,0.029595366250702144,0.1215695586611712,0.11437425261523554,0.053116594734611486,0.04445625497982397,0.10281817568146118,0.0769640339662249,0.5301920720989656
114,0.49344371880843174,0.2044782282796219,0.043346417417177395,0.096833234123699,0.0392361238957218,0.11663529392827605,0.04188075156071715,0.038911442026505115,0.02887819473157803,0.02440085981931221,0.04110865402137632,0.020232500859801248,0.08672120877544703,0.03905689992557682,0.03879833180026631,0.030039364383334363,0.11571986386560518,0.14130617319787794,0.07829087676991324,0.08331306100512229,0.5378603306260935
115,0.5223498890799285,0.1413608858058671,0.030661106057543255,0.030879591117368058,0.11368945648088162,0.03018565369316977,0.1364202996422944,0.04632540888363603,0.0736538682617461,0.18351261704077584,0.021844181096428272,0.01961177164755457,0.031980772038657,0.04170667784732272,0.1421700168881377,0.03387524791671524,0.019160220740348118,0.04870138153780141,0.06738781572847558,0.08018172836966218,0.5343922507733385
116,0.4864625790038425,0.20586013280178356,0.039276773404566645,0.06117415880307708,0.0875978980279564,0.21716755068173133,0.04061375869789109,0.032757564717031756,0.15853793067648622,0.23950494857270865,0.10104020224004084,0.11883184056639721,0.02313298832617774,0.029578577017357704,0.024447914237394466,0.03629275468809309,0.06732917395563245,0.024782450710214326,0.018118963112688593,0.061119529063547846,0.6780375205725514
117,0.48163228968425337,0.16855456923258524,0.03911716646804597,0.06237847909950886,0.08462086066682956,0.04673351379159729,0.06242172134425233,0.16274932965656908,0.024039908986208905,0.031764540503651933,0.03157187850599501,0.027785371386466036,0.07780094026060207,0.15599402956756833,0.08401026584368715,0.04160294526012108,0.1250799331920208,0.038024609259843176,0.028789924626409488,0.11399041095965022,0.6048400958874735
118,0.43309240076464767,0.1632100138533155,0.04559263320501129,0.07697002675986461,0.04257643753901837,0.11887423330602125,0.11438960988266282,0.12667956713664302,0.09575421945002394,0.031607750370467896,0.026302391437167418,0.019833204112229615,0.027208055492315822,0.025096357394576753,0.06559483372730518,0.03439909720955657,0.022963385442432174,0.0587070907835811,0.025869017285853002,0.08686451892633322,0.631404769794078
119,0.21044239792998923,0.327013488260936,0.09229686358416052,0.1026595160787477,0.09695029436671651,0.06609797133506028,0.06312953674078965,0.29939877886302746,0.1831850259222851,0.14821240474071573,0.017269891827148835,0.02167601000574649,0.05726770617476763,0.05514583231997673,0.034191177386579195,0.09108180707687001,0.04435056593554779,0.03285849858392863,0.03462894835386115,0.07171417525137999,0.6883710101689835
120,0.24332749485500316,0.3254175045374425,0.0869898031817998,0.07817362807086567,0.12810136235625488,0.08037528320905142,0.03342978652190185,0.0346563612976159,0.10268963061422386,0.13197530218595027,0.10252723115567264,0.08663357753959228,0.3119696788231067,0.16936135696783033,0.07286979194170115,0.036912272056560405,0.026350261126318934,0.042835661065642766,0.03801186642543692,0.09426574424352885,0.6758680208197262
121,0.24941182645310583,0.17147604358101376,0.06113688165831474,0.09149092518540511,0.07427101488822072,0.10658926735924046,0.16146966628569767,0.044493259582767085,0.13105606072868092,0.028473366592044018,0.09688898799751741,0.017055019002142346,0.03941865684733648,0.04353069342171869,0.14268019216457542,0.09370591230670627,0.023460166317001204,0.03273471055851512,0.03991865522966406,0.09156140555588949,0.6461254244730692
122,0.4971395803413917,0.11518557383143528,0.026773543496787917,0.05971993270794234,0.02506284401268115,0.03217232790474797,0.038681950450135706,0.025360611588636686,0.020886609125802168,0.021359359256804652,0.024152315292912386,0.0973179841227003,0.020832602264109906,0.029288246538100186,0.02101119041999417,0.03639198404781849,0.03957801220857487,0.11069229264328373,0.09642858736754947,0.12616673021722918,0.5420982074012538
123,0.28957546541395934,0.1951640351709879,0.043460494882468094,0.032655423013526926,0.0921579165726579,0.1214391515347321,0.04734635801824208,0.029401115597628463,0.09904160097098065,0.029536033612346073,0.02145391308808933,0.020661406461112943,0.0305491040689347,0.04469982165786502,0.04833060634253664,0.05205842900994025,0.04060256351348684,0.03417010617682242,0.022160047846745533,0.0485992244368485,0.6663207967613376
124,0.5093178682610313,0.21096019294900945,0.09845151939056,0.125649399797449,0.2092596830495871,0.15120870745093395,0.2222344177418138,0.09019214187269951,0.06652759526085611,0.04379133583184305,0.025522657013340055,0.047566999914891994,0.09817109177989204,0.06040387925572466,0.15117302775587288,0.1108670841539345,0.04218109515798871,0.1018181910691759,0.04561368183508672,0.07388858818332465,0.6729148507680652
125,0.42528506481538714,0.22434852216495932,0.08102918261321587,0.04615372864199703,0.04506216197559794,0.030880761031852007,0.12650718894123267,0.0551414693868097,0.0329786939177468,0.13498319012278445,0.019863370298660532,0.01782425408006491,0.2116685366064291,0.025034221782974295,0.06568399073297071,0.0682330793712601,0.03553072087194489,0.031263218483451025,0.03438317716468607,0.05253774973456812,0.6064310429355266
126,0.48355473031178536,0.1433308623188373,0.023815267804294264,0.024168849591371236,0.04456422289981727,0.12908397238702868,0.04731327089258136,0.15805550196208767,0.021350343438387116,0.08225158859711505,0.037889317800953816,0.027379334785601377,0.08551168088868184,0.020046524517540992,0.08014903311263048,0.10009220535337218,0.04058514766553553,0.05083874422226227,0.043190644406055516,0.045213735120223426,0.5656966742519663
127,0.4724992171757447,0.1658504251334733,0.0485837695509387,0.042426361990003075,0.08044051134148585,0.02392972409735917,0.025072007792436582,0.044657967208810184,0.03555718344358131,0.028004706208989483,0.05986434961876815,0.0338985071495084,0.16042787755362897,0.1758399901210614,0.02551262212186732,0.11139871513565863,0.06190214086202016,0.05562054299664971,0.05092804247245282,0.08034482119568474,0.582307746002791
